Certification Course,Gender,Department,10th Mark,12th Mark,college mark,hobbies,daily studing time,prefer to study in,salary expectation,Do you like your degree?,willingness to pursue a career based on their degree,social media & video,Stress Level,Financial Status
No,Female,Mathematics,44,54,20.751855542591223,Sports,3 - 4 hour,Night,448431,No,No,More Than 4 hour,fabulous,Bad
No,Female,Accounting,14,86,57.291096937265266,Reading books,3 - 4 hour,Night,613823,Yes,Yes,More Than 4 hour,Good,Awful
Yes,Male,Electrical Engineering,94,62,22.878499315262612,Cinema,3 - 4 hour,Morning,680265,No,Yes,1 - 2 Hour,Bad,Fabulous
No,Female,Psychology,13,51,75.43764964707766,Reading books,0 - 30 minute,Morning,496513,Yes,Yes,More Than 4 hour,fabulous,Awful
No,Female,Agriculture,93,61,80.7954828322612,Reading books,More Than 4 hour,Night,640075,Yes,Yes,1 - 2 Hour,Awful,good
No,Female,Political Science,64,54,82.77182232140737,Cinema,2 - 3 hour,Morning,505169,No,Yes,More Than 4 hour,Awful,Awful
No,Female,Business Administration,24,90,41.01748035856267,Reading books,1 - 2 Hour,Anytime,605906,No,No,30 - 60 minute,Awful,Awful
No,Male,Law,48,61,90.82962593233293,Video Games,3 - 4 hour,Anytime,695046,Yes,Yes,30 - 60 minute,Bad,Bad
Yes,Male,Computer Science,64,49,98.94162562056451,Reading books,1 - 2 Hour,Anytime,876963,Yes,No,More Than 4 hour,Bad,good
Yes,Female,English Literature,11,69,51.22897625378068,Video Games,2 - 3 hour,Night,565581,No,Yes,1 - 2 Hour,Good,good
No,Female,Computer Science,24,70,66.92114249692665,Video Games,30 - 60 minute,Anytime,756130,Yes,Yes,0 - 30 minute,Good,Fabulous
Yes,Male,Architecture,90,79,73.0163070772839,Cinema,3 - 4 hour,Night,747629,Yes,No,30 - 60 minute,Good,Fabulous
Yes,Female,Information Technology,32,57,61.217312347321545,Reading books,1 - 2 Hour,Anytime,792774,No,Yes,0 - 30 minute,fabulous,Awful
Yes,Female,Civil Engineering,49,69,7.645940345925446,Reading books,1 - 2 Hour,Morning,581295,No,No,2 - 3 hour,Bad,good
No,Male,Law,8,72,5.615415413951919,Video Games,1 - 2 Hour,Morning,589489,Yes,Yes,30 - 60 minute,Good,Fabulous
Yes,Male,Accounting,71,65,33.55062298015059,Sports,More Than 4 hour,Anytime,647644,Yes,Yes,2 - 3 hour,Good,Bad
No,Female,Psychology,82,85,40.038892393475095,Video Games,More Than 4 hour,Morning,437098,No,No,3 - 4 hour,fabulous,Awful
No,Female,Mathematics,47,93,26.585373860116345,Reading books,1 - 2 Hour,Anytime,458504,No,Yes,30 - 60 minute,Bad,good
No,Male,Law,84,60,39.58038450911263,Cinema,1 - 2 Hour,Anytime,619736,No,Yes,0 - 30 minute,Awful,Bad
No,Female,Law,22,51,87.98396005118167,Cinema,3 - 4 hour,Morning,681485,Yes,No,3 - 4 hour,Good,Fabulous
No,Male,Dance,64,48,78.53806183079897,Cinema,1 - 2 Hour,Night,433354,Yes,No,3 - 4 hour,Awful,Bad
No,Male,Architecture,43,62,33.572991131242965,Video Games,3 - 4 hour,Anytime,558567,Yes,Yes,More Than 4 hour,Awful,Bad
No,Female,Music,8,64,33.45329062522664,Video Games,3 - 4 hour,Anytime,353203,Yes,Yes,1 - 2 Hour,Awful,Awful
No,Female,Fine Arts,81,92,39.37584089485158,Sports,0 - 30 minute,Night,374307,Yes,Yes,3 - 4 hour,fabulous,Fabulous
No,Female,Pharmacy,32,87,62.26139978317455,Video Games,0 - 30 minute,Night,587820,No,Yes,2 - 3 hour,Bad,Bad
No,Female,Chemistry,16,47,55.88787057000573,Cinema,1 - 2 Hour,Anytime,590293,Yes,Yes,2 - 3 hour,Good,good
No,Male,Accounting,68,47,55.472322041023794,Reading books,0 - 30 minute,Morning,592669,No,No,3 - 4 hour,fabulous,Bad
No,Female,Civil Engineering,26,87,2.6534054032646583,Cinema,0 - 30 minute,Morning,485508,Yes,Yes,More Than 4 hour,Awful,Fabulous
No,Female,English Literature,68,88,28.491821539693962,Video Games,0 - 30 minute,Morning,413032,No,Yes,3 - 4 hour,Bad,Bad
No,Male,Dance,92,59,32.345984075139,Sports,1 - 2 Hour,Anytime,359003,No,Yes,3 - 4 hour,fabulous,Fabulous
No,Female,History,81,52,20.981512382967328,Video Games,30 - 60 minute,Morning,337931,No,Yes,0 - 30 minute,Awful,good
Yes,Male,Architecture,13,47,81.19084084289624,Video Games,0 - 30 minute,Anytime,808859,No,No,0 - 30 minute,Bad,Bad
Yes,Male,Architecture,81,73,57.40678171436849,Reading books,More Than 4 hour,Anytime,724101,Yes,Yes,1 - 2 Hour,fabulous,Awful
Yes,Female,Architecture,63,45,24.345905837484136,Video Games,2 - 3 hour,Anytime,629607,No,Yes,1 - 2 Hour,Bad,Awful
Yes,Male,Physical Education,94,91,37.42644596399671,Sports,3 - 4 hour,Morning,499398,Yes,No,3 - 4 hour,Good,good
Yes,Female,Biology,43,85,81.85138985116568,Cinema,2 - 3 hour,Night,653222,No,Yes,30 - 60 minute,Bad,good
Yes,Female,Chemistry,28,47,84.62395230219316,Cinema,1 - 2 Hour,Night,676726,Yes,Yes,3 - 4 hour,Awful,Fabulous
Yes,Female,Mathematics,19,67,39.72305556009191,Video Games,3 - 4 hour,Morning,577786,No,Yes,30 - 60 minute,fabulous,Fabulous
No,Male,Psychology,80,74,84.17455404705674,Cinema,30 - 60 minute,Anytime,510122,Yes,No,30 - 60 minute,Bad,Fabulous
No,Female,Civil Engineering,32,88,21.417946398430807,Cinema,30 - 60 minute,Night,508524,No,No,2 - 3 hour,Bad,good
Yes,Male,Library Science,46,71,36.21704826500993,Video Games,1 - 2 Hour,Anytime,496884,Yes,No,0 - 30 minute,Bad,good
No,Female,Political Science,85,57,43.39129425320059,Cinema,2 - 3 hour,Anytime,463351,No,Yes,30 - 60 minute,Bad,Awful
No,Female,Chemistry,69,53,48.75411156688323,Sports,30 - 60 minute,Anytime,557711,No,No,0 - 30 minute,fabulous,Bad
Yes,Male,Civil Engineering,17,49,34.77159639754449,Sports,1 - 2 Hour,Anytime,693698,Yes,Yes,30 - 60 minute,fabulous,Fabulous
No,Male,Sociology,19,58,17.561939215635242,Reading books,1 - 2 Hour,Morning,358206,Yes,Yes,More Than 4 hour,Good,Awful
No,Female,Music,26,64,98.03433757721412,Cinema,30 - 60 minute,Night,493424,Yes,Yes,1 - 2 Hour,fabulous,Bad
No,Male,Electrical Engineering,30,53,74.99380401602436,Sports,3 - 4 hour,Anytime,621629,Yes,Yes,More Than 4 hour,fabulous,Bad
Yes,Female,Economics,68,91,74.12130639581751,Video Games,0 - 30 minute,Anytime,715430,No,Yes,2 - 3 hour,Awful,Bad
No,Male,Dance,67,51,5.981076032826092,Video Games,0 - 30 minute,Morning,346145,No,No,1 - 2 Hour,fabulous,good
Yes,Male,Architecture,92,85,28.61049310967031,Reading books,2 - 3 hour,Night,661879,No,No,1 - 2 Hour,Awful,Fabulous
Yes,Female,Psychology,53,47,10.469833743597547,Reading books,More Than 4 hour,Anytime,487368,No,Yes,1 - 2 Hour,Good,good
Yes,Female,Fine Arts,82,81,45.97610440416279,Reading books,2 - 3 hour,Night,534298,No,Yes,More Than 4 hour,Bad,Fabulous
No,Female,Biotechnology,77,78,4.883712236165708,Reading books,1 - 2 Hour,Night,441609,Yes,Yes,More Than 4 hour,Bad,good
No,Male,Psychology,52,68,91.73032478438712,Video Games,30 - 60 minute,Anytime,566497,Yes,Yes,30 - 60 minute,Good,good
Yes,Female,Political Science,78,80,46.48983154367843,Cinema,0 - 30 minute,Morning,602172,No,Yes,3 - 4 hour,fabulous,good
No,Male,Law,64,86,80.78079601957941,Video Games,2 - 3 hour,Night,642558,Yes,Yes,3 - 4 hour,Awful,good
Yes,Female,Accounting,70,89,8.023700873060811,Reading books,30 - 60 minute,Morning,596272,Yes,No,More Than 4 hour,Bad,Bad
No,Male,Electrical Engineering,58,66,63.819602119675416,Reading books,30 - 60 minute,Anytime,669087,No,Yes,1 - 2 Hour,Awful,Awful
Yes,Female,Physics,78,59,10.36186502084921,Sports,0 - 30 minute,Morning,565018,No,Yes,More Than 4 hour,fabulous,Awful
Yes,Female,Economics,70,88,44.264842437376664,Cinema,2 - 3 hour,Morning,610226,Yes,Yes,3 - 4 hour,Bad,good
No,Female,Environmental Science,13,65,24.691816914156668,Sports,0 - 30 minute,Anytime,427068,Yes,Yes,1 - 2 Hour,Bad,Fabulous
Yes,Female,Pharmacy,69,80,1.139791684011115,Sports,0 - 30 minute,Anytime,594911,No,Yes,More Than 4 hour,Awful,Fabulous
No,Male,Biology,10,88,29.967234032508426,Sports,30 - 60 minute,Morning,518763,No,Yes,More Than 4 hour,Good,Awful
Yes,Female,English Literature,66,86,45.508139107096206,Sports,2 - 3 hour,Morning,528275,No,No,1 - 2 Hour,Bad,Awful
Yes,Male,Chemistry,60,83,27.091527970267215,Sports,2 - 3 hour,Night,623943,No,No,2 - 3 hour,Awful,good
No,Male,Library Science,37,51,80.80083855376863,Video Games,0 - 30 minute,Night,459103,Yes,Yes,30 - 60 minute,Good,Awful
No,Female,Music,86,68,93.76772360460026,Video Games,More Than 4 hour,Night,513350,Yes,No,2 - 3 hour,Good,Bad
Yes,Male,Economics,33,57,77.5372005936477,Cinema,0 - 30 minute,Anytime,714621,No,No,2 - 3 hour,Awful,good
Yes,Male,Accounting,95,80,95.94691157878249,Sports,2 - 3 hour,Night,766294,No,No,0 - 30 minute,Awful,Fabulous
No,Female,Sociology,19,78,29.990561180367948,Sports,0 - 30 minute,Night,401959,Yes,No,1 - 2 Hour,Awful,Awful
Yes,Male,Business Administration,93,86,8.106038144058175,Sports,3 - 4 hour,Night,644866,No,Yes,3 - 4 hour,fabulous,good
Yes,Male,Economics,67,59,61.24573897025054,Cinema,More Than 4 hour,Anytime,682244,Yes,Yes,More Than 4 hour,Good,Awful
No,Female,Pharmacy,24,77,62.06471147207626,Sports,3 - 4 hour,Night,638517,Yes,Yes,3 - 4 hour,Bad,good
No,Female,Sociology,92,92,2.8582941827958424,Reading books,0 - 30 minute,Night,332112,No,Yes,0 - 30 minute,Bad,Bad
No,Male,Civil Engineering,19,65,95.65152995150369,Video Games,1 - 2 Hour,Night,638900,Yes,No,2 - 3 hour,Awful,Bad
No,Female,Mechanical Engineering,77,73,69.04238447115499,Video Games,3 - 4 hour,Morning,666654,Yes,No,3 - 4 hour,Good,Bad
Yes,Female,Economics,63,53,13.101608699079245,Sports,1 - 2 Hour,Anytime,571712,Yes,Yes,2 - 3 hour,Bad,Awful
No,Male,History,48,75,43.025867484329645,Sports,More Than 4 hour,Anytime,428883,No,No,3 - 4 hour,fabulous,good
Yes,Male,Mathematics,50,82,55.16387425484626,Reading books,0 - 30 minute,Night,642017,No,Yes,0 - 30 minute,Good,Awful
No,Male,Business Administration,97,62,72.858365813065,Sports,2 - 3 hour,Night,656642,No,Yes,3 - 4 hour,Good,Bad
Yes,Female,Economics,47,63,69.44959802718894,Sports,3 - 4 hour,Morning,715019,No,Yes,More Than 4 hour,Awful,Awful
No,Male,Political Science,48,47,36.94225907451832,Sports,1 - 2 Hour,Anytime,420084,No,Yes,30 - 60 minute,Good,Fabulous
No,Male,Political Science,43,83,2.9590025944199,Sports,30 - 60 minute,Anytime,417422,Yes,Yes,0 - 30 minute,Bad,Awful
No,Male,Economics,84,62,33.95138234499464,Cinema,1 - 2 Hour,Morning,547091,Yes,Yes,More Than 4 hour,fabulous,Awful
No,Female,Biology,14,71,57.54205489430606,Cinema,3 - 4 hour,Morning,573934,Yes,Yes,1 - 2 Hour,fabulous,good
Yes,Female,Mechanical Engineering,33,79,65.45239422893577,Cinema,3 - 4 hour,Morning,753372,No,Yes,3 - 4 hour,Awful,Fabulous
Yes,Female,Electronics and Communication,7,57,17.366601935840023,Reading books,1 - 2 Hour,Morning,702288,Yes,Yes,2 - 3 hour,fabulous,Awful
No,Male,Architecture,66,54,46.52897218421862,Sports,1 - 2 Hour,Night,558176,No,No,30 - 60 minute,fabulous,Awful
Yes,Female,Mechanical Engineering,56,91,30.211480883185445,Video Games,30 - 60 minute,Anytime,649229,No,No,30 - 60 minute,Awful,good
Yes,Female,Law,54,47,72.34072141768246,Sports,0 - 30 minute,Night,814152,Yes,Yes,0 - 30 minute,Good,Awful
No,Male,Chemistry,18,70,39.795535873409655,Cinema,More Than 4 hour,Morning,519410,No,Yes,3 - 4 hour,Bad,Fabulous
Yes,Female,Environmental Science,93,66,69.26616333948327,Reading books,2 - 3 hour,Night,615654,No,Yes,3 - 4 hour,Bad,Bad
No,Female,Commerce,8,82,7.209605014144107,Reading books,2 - 3 hour,Night,369386,Yes,Yes,0 - 30 minute,Good,good
No,Male,Political Science,75,86,30.98777615358955,Video Games,0 - 30 minute,Night,394161,No,Yes,0 - 30 minute,Awful,Awful
No,Male,Commerce,43,81,31.173786872138045,Video Games,3 - 4 hour,Morning,443511,Yes,No,30 - 60 minute,Good,good
Yes,Male,Chemistry,52,60,10.682730805674803,Sports,0 - 30 minute,Morning,585146,Yes,Yes,More Than 4 hour,fabulous,good
Yes,Male,Environmental Science,42,62,93.76742013942527,Video Games,2 - 3 hour,Anytime,655122,Yes,No,0 - 30 minute,Bad,good
No,Male,Music,8,76,99.3787152411355,Video Games,30 - 60 minute,Night,494020,No,No,30 - 60 minute,Awful,good
No,Male,Fine Arts,33,74,67.00532647406474,Cinema,30 - 60 minute,Anytime,489808,No,No,1 - 2 Hour,Bad,Awful
Yes,Female,Physical Education,70,69,44.18488680338505,Reading books,30 - 60 minute,Morning,543951,No,No,30 - 60 minute,Bad,Fabulous
Yes,Male,Commerce,21,84,98.61446870516728,Sports,More Than 4 hour,Night,737040,Yes,No,3 - 4 hour,Awful,good
No,Female,Business Administration,66,80,2.0258778604907484,Cinema,More Than 4 hour,Morning,541899,No,Yes,More Than 4 hour,Good,Fabulous
No,Male,Physical Education,87,83,65.63283517002398,Reading books,More Than 4 hour,Night,428227,No,Yes,More Than 4 hour,Awful,Fabulous
No,Male,Political Science,59,75,74.95750819656125,Cinema,1 - 2 Hour,Anytime,535188,Yes,Yes,3 - 4 hour,Bad,Awful
Yes,Male,Biotechnology,9,90,59.683011791566564,Cinema,More Than 4 hour,Morning,692640,Yes,No,3 - 4 hour,Awful,Fabulous
No,Female,Chemistry,62,49,82.29678382827157,Video Games,0 - 30 minute,Night,559044,Yes,Yes,3 - 4 hour,fabulous,Bad
Yes,Male,Chemistry,37,66,47.97289130205656,Sports,3 - 4 hour,Anytime,583388,Yes,Yes,1 - 2 Hour,Bad,good
Yes,Female,Law,11,90,89.09514641990575,Cinema,More Than 4 hour,Anytime,773207,Yes,No,2 - 3 hour,Good,Fabulous
No,Male,Mathematics,86,86,83.82913658246832,Sports,2 - 3 hour,Night,556175,Yes,Yes,More Than 4 hour,fabulous,Bad
No,Female,Information Technology,76,74,79.46840778137272,Reading books,0 - 30 minute,Morning,727216,Yes,No,2 - 3 hour,Good,Awful
Yes,Male,Physics,64,90,56.31046128496851,Reading books,More Than 4 hour,Anytime,606339,Yes,No,1 - 2 Hour,fabulous,Bad
Yes,Female,Electrical Engineering,60,90,78.81007996218283,Sports,30 - 60 minute,Night,775324,Yes,Yes,1 - 2 Hour,fabulous,Awful
No,Female,Mechanical Engineering,21,61,93.39361731846063,Reading books,30 - 60 minute,Anytime,698685,Yes,No,1 - 2 Hour,Bad,good
No,Female,Biology,47,56,61.346342922933445,Reading books,More Than 4 hour,Night,529168,No,No,30 - 60 minute,Awful,Bad
No,Female,Commerce,37,67,45.300768743430226,Cinema,30 - 60 minute,Night,464363,Yes,Yes,30 - 60 minute,fabulous,Bad
No,Male,Dance,61,70,66.38373841763222,Reading books,3 - 4 hour,Morning,458338,No,No,1 - 2 Hour,Bad,good
Yes,Male,History,93,92,65.27183610691651,Reading books,1 - 2 Hour,Night,528208,Yes,Yes,0 - 30 minute,Good,good
Yes,Male,Commerce,68,79,37.21524059659067,Video Games,1 - 2 Hour,Night,556247,Yes,Yes,1 - 2 Hour,Good,Awful
No,Female,Biotechnology,30,64,91.2051950808626,Sports,1 - 2 Hour,Night,654957,Yes,No,30 - 60 minute,fabulous,good
Yes,Female,Political Science,10,69,90.42376055284821,Cinema,30 - 60 minute,Night,654566,No,Yes,30 - 60 minute,Awful,Awful
Yes,Female,Dance,57,59,9.673530348776573,Reading books,More Than 4 hour,Morning,389146,Yes,Yes,30 - 60 minute,Bad,Bad
Yes,Female,English Literature,74,48,81.33437102581044,Cinema,1 - 2 Hour,Night,624874,No,Yes,More Than 4 hour,Good,good
Yes,Male,Civil Engineering,13,59,1.1828053729757029,Sports,0 - 30 minute,Anytime,616960,No,Yes,More Than 4 hour,Good,Fabulous
Yes,Male,Environmental Science,89,59,26.86101113427639,Cinema,0 - 30 minute,Night,547696,Yes,Yes,0 - 30 minute,Good,Awful
Yes,Female,Sociology,28,66,12.746095770672309,Cinema,0 - 30 minute,Morning,531880,No,No,1 - 2 Hour,Bad,Bad
No,Male,Chemistry,92,72,52.137712340074636,Sports,30 - 60 minute,Anytime,498103,Yes,Yes,More Than 4 hour,Awful,Fabulous
Yes,Female,English Literature,21,47,40.27737572486461,Reading books,0 - 30 minute,Anytime,559369,Yes,Yes,30 - 60 minute,Bad,good
No,Female,Computer Science,54,62,45.10115387206937,Cinema,0 - 30 minute,Anytime,725002,No,No,30 - 60 minute,Bad,Fabulous
Yes,Female,Physics,78,53,89.53473368846727,Cinema,2 - 3 hour,Anytime,739647,No,Yes,More Than 4 hour,Awful,Fabulous
No,Female,Environmental Science,16,79,3.1157922920554215,Video Games,2 - 3 hour,Anytime,385298,No,Yes,3 - 4 hour,fabulous,Bad
No,Male,Civil Engineering,66,55,13.848673818974477,Sports,0 - 30 minute,Morning,458805,Yes,No,30 - 60 minute,fabulous,Awful
Yes,Male,Sociology,56,70,59.831831141027536,Video Games,1 - 2 Hour,Night,532707,Yes,No,0 - 30 minute,Bad,Fabulous
No,Female,Psychology,26,67,83.86032102569672,Sports,2 - 3 hour,Night,572923,No,Yes,2 - 3 hour,fabulous,Bad
No,Male,Economics,21,85,52.479235694861124,Reading books,2 - 3 hour,Night,513189,Yes,No,2 - 3 hour,fabulous,Awful
Yes,Female,Pharmacy,49,51,67.91835109459134,Sports,30 - 60 minute,Night,768716,Yes,Yes,30 - 60 minute,fabulous,Awful
No,Female,Commerce,31,56,29.668495417183713,Sports,30 - 60 minute,Morning,446177,Yes,Yes,2 - 3 hour,Good,Bad
No,Male,Political Science,15,61,64.87406661034193,Sports,3 - 4 hour,Night,517144,Yes,Yes,More Than 4 hour,fabulous,good
No,Female,History,58,93,28.291400815179216,Sports,30 - 60 minute,Anytime,377967,No,No,2 - 3 hour,fabulous,good
No,Female,Civil Engineering,58,67,13.74199588937433,Sports,2 - 3 hour,Night,467743,No,Yes,3 - 4 hour,fabulous,good
No,Female,Political Science,14,85,86.11264337038267,Sports,2 - 3 hour,Night,585706,No,Yes,3 - 4 hour,Bad,Fabulous
No,Male,Computer Science,30,90,52.13048388538696,Reading books,0 - 30 minute,Anytime,712295,Yes,Yes,30 - 60 minute,Good,Awful
No,Male,Economics,83,92,9.150611342898129,Reading books,More Than 4 hour,Night,420909,Yes,No,0 - 30 minute,Good,Bad
No,Female,Mathematics,95,78,20.24962808923942,Reading books,1 - 2 Hour,Morning,447109,No,Yes,30 - 60 minute,fabulous,Fabulous
No,Male,English Literature,94,70,99.71276067768271,Reading books,1 - 2 Hour,Anytime,531177,No,Yes,30 - 60 minute,Good,Bad
No,Male,Environmental Science,17,52,4.76834773238253,Video Games,1 - 2 Hour,Night,437243,Yes,Yes,3 - 4 hour,Good,Fabulous
Yes,Female,Civil Engineering,36,64,66.28297723797313,Reading books,30 - 60 minute,Night,730067,Yes,No,More Than 4 hour,Good,good
No,Female,Music,85,73,26.40849661901893,Sports,1 - 2 Hour,Morning,400223,Yes,Yes,1 - 2 Hour,fabulous,Awful
Yes,Male,Sociology,79,66,72.72324822745404,Sports,3 - 4 hour,Night,575348,No,No,0 - 30 minute,fabulous,Fabulous
No,Male,Economics,90,52,79.68298090146199,Reading books,30 - 60 minute,Night,646223,Yes,No,0 - 30 minute,Bad,good
No,Female,Pharmacy,70,50,66.89827608617867,Cinema,1 - 2 Hour,Night,638422,No,Yes,0 - 30 minute,Good,Awful
Yes,Male,Civil Engineering,70,46,44.00916221420017,Cinema,0 - 30 minute,Anytime,635355,No,Yes,30 - 60 minute,Awful,Awful
Yes,Female,Library Science,24,49,75.06622163169847,Video Games,1 - 2 Hour,Anytime,530853,No,Yes,1 - 2 Hour,Bad,Fabulous
Yes,Female,Fine Arts,57,64,68.49634101997324,Cinema,3 - 4 hour,Anytime,569465,No,Yes,30 - 60 minute,Bad,Fabulous
No,Male,Commerce,53,63,36.32143523477867,Cinema,30 - 60 minute,Morning,485137,No,No,3 - 4 hour,Awful,Awful
No,Female,Physics,97,86,64.35841767239557,Sports,0 - 30 minute,Anytime,547845,Yes,Yes,2 - 3 hour,Awful,Fabulous
Yes,Female,Economics,91,60,85.53466553792907,Reading books,1 - 2 Hour,Anytime,735858,No,Yes,30 - 60 minute,fabulous,Bad
Yes,Female,Agriculture,62,72,27.230532831927388,Sports,0 - 30 minute,Morning,571680,Yes,No,0 - 30 minute,Good,good
No,Female,English Literature,80,67,33.2098573850535,Sports,1 - 2 Hour,Anytime,393575,Yes,Yes,2 - 3 hour,Bad,good
No,Female,Physics,63,47,86.76912413939282,Cinema,3 - 4 hour,Night,586680,No,Yes,30 - 60 minute,Bad,Bad
Yes,Male,Electronics and Communication,76,81,81.34617059327697,Cinema,3 - 4 hour,Anytime,783780,Yes,Yes,3 - 4 hour,fabulous,Awful
No,Male,Psychology,32,50,84.81975772965745,Video Games,1 - 2 Hour,Anytime,540410,Yes,Yes,0 - 30 minute,Bad,Bad
Yes,Female,Library Science,14,82,24.42883505913361,Sports,2 - 3 hour,Night,456773,No,Yes,3 - 4 hour,Awful,Bad
No,Male,Biotechnology,74,58,67.2553238089269,Reading books,0 - 30 minute,Morning,598058,Yes,Yes,3 - 4 hour,Bad,Bad
No,Male,Pharmacy,13,76,43.19078158201102,Reading books,1 - 2 Hour,Anytime,548376,No,No,3 - 4 hour,Bad,Bad
No,Female,Accounting,31,90,76.6008488217321,Cinema,1 - 2 Hour,Night,675514,Yes,No,30 - 60 minute,Bad,Fabulous
Yes,Male,Civil Engineering,58,67,38.691020961575695,Sports,2 - 3 hour,Anytime,678912,No,Yes,2 - 3 hour,Good,good
Yes,Male,Accounting,18,77,57.02805622865314,Video Games,30 - 60 minute,Anytime,734531,No,No,More Than 4 hour,Awful,Awful
No,Female,English Literature,91,79,32.50457253864775,Video Games,More Than 4 hour,Anytime,431763,Yes,Yes,0 - 30 minute,Good,good
Yes,Female,Mechanical Engineering,97,85,99.61798366550606,Cinema,3 - 4 hour,Morning,810855,No,No,0 - 30 minute,Good,Bad
No,Female,Computer Science,43,82,86.83292566533554,Sports,1 - 2 Hour,Morning,758899,No,No,More Than 4 hour,fabulous,good
Yes,Male,Law,30,75,50.90042019327133,Video Games,3 - 4 hour,Night,724350,Yes,Yes,30 - 60 minute,Good,good
No,Male,Electronics and Communication,12,80,56.74663084970338,Reading books,More Than 4 hour,Night,677211,No,Yes,1 - 2 Hour,fabulous,Fabulous
No,Male,Political Science,64,75,46.99218376045829,Cinema,30 - 60 minute,Night,417297,No,Yes,1 - 2 Hour,Bad,Awful
No,Female,Fine Arts,52,55,27.710803784977223,Cinema,1 - 2 Hour,Night,368261,No,No,30 - 60 minute,fabulous,Awful
No,Female,Information Technology,96,89,64.42589300730423,Video Games,30 - 60 minute,Morning,677740,No,Yes,30 - 60 minute,fabulous,Fabulous
No,Male,Computer Science,70,72,21.490631476559617,Video Games,30 - 60 minute,Morning,621610,Yes,No,More Than 4 hour,fabulous,Bad
Yes,Male,Environmental Science,51,77,14.939857986639758,Video Games,More Than 4 hour,Morning,548357,No,No,More Than 4 hour,fabulous,Bad
Yes,Male,Dance,95,72,33.436367510113584,Cinema,More Than 4 hour,Morning,462852,Yes,Yes,3 - 4 hour,Good,Fabulous
No,Male,Biology,44,80,38.06414736432561,Cinema,3 - 4 hour,Morning,513835,Yes,No,2 - 3 hour,Awful,Bad
Yes,Female,Mathematics,55,72,8.491344478539597,Cinema,More Than 4 hour,Anytime,502730,Yes,Yes,2 - 3 hour,Bad,good
No,Male,Agriculture,44,82,87.77024277592666,Sports,More Than 4 hour,Anytime,627950,Yes,No,2 - 3 hour,Good,Bad
Yes,Female,Mechanical Engineering,88,55,49.515395513933164,Video Games,3 - 4 hour,Night,741914,Yes,Yes,2 - 3 hour,fabulous,Bad
No,Female,Political Science,32,65,13.718132424878728,Reading books,2 - 3 hour,Night,416184,Yes,Yes,1 - 2 Hour,Awful,Bad
No,Female,Music,27,77,42.878794870146315,Reading books,More Than 4 hour,Anytime,399395,No,No,2 - 3 hour,fabulous,good
Yes,Female,Sociology,18,50,25.94018351443001,Cinema,1 - 2 Hour,Morning,520560,Yes,Yes,30 - 60 minute,Bad,Bad
No,Female,Environmental Science,53,82,81.61821015714095,Cinema,More Than 4 hour,Morning,537867,Yes,No,2 - 3 hour,Bad,Bad
No,Male,Architecture,81,78,88.25844804834736,Reading books,More Than 4 hour,Night,652820,Yes,Yes,3 - 4 hour,Good,Awful
Yes,Female,Fine Arts,38,57,96.47442354031861,Cinema,3 - 4 hour,Anytime,611816,No,Yes,2 - 3 hour,Awful,Awful
No,Female,Fine Arts,94,62,17.276047392322216,Video Games,0 - 30 minute,Anytime,351233,Yes,Yes,0 - 30 minute,Bad,Awful
Yes,Female,Chemistry,61,71,1.3521518547288573,Reading books,More Than 4 hour,Morning,561973,No,Yes,2 - 3 hour,fabulous,Bad
No,Female,Accounting,28,66,46.1025540618918,Reading books,1 - 2 Hour,Morning,571591,Yes,No,0 - 30 minute,Good,good
Yes,Female,Economics,42,65,61.736867840800564,Video Games,2 - 3 hour,Night,680671,No,Yes,2 - 3 hour,Good,Bad
No,Male,Chemistry,73,85,62.64460672033559,Sports,1 - 2 Hour,Night,550589,No,Yes,More Than 4 hour,Good,good
No,Male,Sociology,56,82,28.716608638650396,Sports,More Than 4 hour,Morning,467227,Yes,Yes,30 - 60 minute,fabulous,Fabulous
Yes,Female,Biotechnology,19,70,72.63903094992264,Cinema,30 - 60 minute,Morning,696815,No,Yes,30 - 60 minute,Good,Awful
No,Female,History,55,62,40.300245255372474,Sports,More Than 4 hour,Anytime,427806,Yes,Yes,More Than 4 hour,fabulous,Bad
Yes,Female,History,29,47,68.27425900525328,Cinema,2 - 3 hour,Anytime,538088,Yes,No,2 - 3 hour,fabulous,Awful
No,Female,Environmental Science,39,70,73.29450449033216,Video Games,2 - 3 hour,Night,555559,No,Yes,1 - 2 Hour,Awful,Bad
Yes,Female,Biology,60,69,69.30570482541013,Cinema,More Than 4 hour,Anytime,610205,No,Yes,0 - 30 minute,Good,Awful
No,Male,Commerce,94,80,22.249368549425473,Reading books,2 - 3 hour,Morning,439333,No,No,30 - 60 minute,Bad,good
Yes,Female,Law,9,48,29.81352174848386,Reading books,3 - 4 hour,Night,689985,Yes,Yes,More Than 4 hour,fabulous,Bad
No,Female,Civil Engineering,21,88,31.690065273884315,Video Games,More Than 4 hour,Anytime,576586,No,Yes,2 - 3 hour,Awful,Fabulous
No,Female,Agriculture,44,71,92.71914162233011,Reading books,More Than 4 hour,Anytime,594668,Yes,Yes,1 - 2 Hour,fabulous,Fabulous
No,Male,Civil Engineering,50,57,68.20020356147745,Cinema,3 - 4 hour,Night,575761,No,No,30 - 60 minute,Awful,Bad
Yes,Male,Economics,53,48,37.2501764553455,Cinema,2 - 3 hour,Night,635397,Yes,Yes,0 - 30 minute,Bad,Fabulous
No,Female,Environmental Science,74,81,17.386407105433136,Cinema,More Than 4 hour,Night,441660,Yes,Yes,30 - 60 minute,Awful,Bad
Yes,Male,Agriculture,48,79,33.182834685313,Cinema,30 - 60 minute,Night,634255,No,No,30 - 60 minute,Awful,good
Yes,Female,Law,15,72,48.77692582214952,Reading books,2 - 3 hour,Morning,757663,No,No,0 - 30 minute,Bad,Awful
No,Female,Agriculture,57,47,41.95834405519394,Sports,2 - 3 hour,Morning,509435,No,Yes,2 - 3 hour,Good,Fabulous
Yes,Male,Biotechnology,59,66,74.1094838689074,Video Games,2 - 3 hour,Night,741684,Yes,Yes,30 - 60 minute,Awful,Fabulous
No,Female,Electronics and Communication,27,80,44.133831166435485,Video Games,3 - 4 hour,Anytime,641777,Yes,Yes,3 - 4 hour,Bad,good
Yes,Male,Information Technology,12,61,87.18080746666996,Cinema,2 - 3 hour,Night,859095,No,Yes,0 - 30 minute,Bad,Fabulous
Yes,Female,Chemistry,88,46,33.415741954577044,Sports,1 - 2 Hour,Night,556685,Yes,Yes,30 - 60 minute,Good,Bad
No,Female,Biotechnology,50,92,3.9227514760981386,Reading books,0 - 30 minute,Night,525230,No,No,3 - 4 hour,Good,good
Yes,Male,Accounting,67,52,48.4330265370519,Cinema,0 - 30 minute,Night,690705,Yes,Yes,1 - 2 Hour,Bad,Awful
No,Female,Dance,48,77,16.852008604353337,Reading books,3 - 4 hour,Night,349009,Yes,Yes,30 - 60 minute,Good,Bad
No,Male,Political Science,9,80,24.976536640018107,Reading books,2 - 3 hour,Night,397545,Yes,Yes,1 - 2 Hour,Good,Fabulous
No,Male,Architecture,20,75,2.4699700511173712,Reading books,30 - 60 minute,Morning,470249,Yes,Yes,1 - 2 Hour,Bad,Fabulous
No,Male,Information Technology,96,48,17.42702394959241,Reading books,3 - 4 hour,Night,578860,Yes,No,1 - 2 Hour,Good,good
Yes,Female,Dance,78,68,49.27646034235098,Reading books,More Than 4 hour,Anytime,538619,Yes,Yes,1 - 2 Hour,Bad,Fabulous
Yes,Male,Pharmacy,90,63,86.6364047742951,Sports,0 - 30 minute,Night,729469,No,Yes,2 - 3 hour,Bad,good
No,Female,Sociology,22,57,57.74018085083855,Sports,2 - 3 hour,Morning,521878,No,No,3 - 4 hour,fabulous,Bad
Yes,Male,Biology,41,82,41.812042183057116,Cinema,2 - 3 hour,Morning,591993,Yes,Yes,2 - 3 hour,fabulous,Awful
Yes,Male,Information Technology,42,79,16.887575754991367,Cinema,More Than 4 hour,Anytime,674923,No,Yes,30 - 60 minute,Awful,Fabulous
No,Male,Architecture,74,90,32.03583812899507,Reading books,0 - 30 minute,Anytime,544613,Yes,No,1 - 2 Hour,Bad,Bad
Yes,Female,History,97,88,66.71183961916249,Video Games,0 - 30 minute,Night,539528,Yes,No,0 - 30 minute,Good,Awful
Yes,Male,Business Administration,72,89,62.164397940641344,Video Games,2 - 3 hour,Morning,693927,Yes,No,2 - 3 hour,fabulous,Fabulous
Yes,Female,Physics,53,80,78.2936969026679,Reading books,2 - 3 hour,Night,688424,No,Yes,3 - 4 hour,fabulous,Fabulous
Yes,Male,Business Administration,29,82,15.359384049873796,Reading books,0 - 30 minute,Morning,600580,Yes,Yes,3 - 4 hour,Good,good
No,Female,Information Technology,82,55,92.97774841350022,Cinema,1 - 2 Hour,Morning,738402,No,Yes,2 - 3 hour,Bad,Awful
No,Male,Information Technology,89,93,22.648871231134304,Reading books,2 - 3 hour,Anytime,633448,Yes,Yes,More Than 4 hour,fabulous,Fabulous
Yes,Male,Biotechnology,61,83,5.45301039962615,Cinema,More Than 4 hour,Anytime,615515,No,Yes,0 - 30 minute,Bad,Fabulous
Yes,Female,Business Administration,95,75,8.93291257771799,Cinema,1 - 2 Hour,Morning,593767,No,Yes,1 - 2 Hour,fabulous,Fabulous
Yes,Female,Business Administration,13,53,79.26932224434627,Sports,More Than 4 hour,Night,747643,No,Yes,3 - 4 hour,Bad,Bad
Yes,Male,Computer Science,28,59,60.812493906118405,Reading books,1 - 2 Hour,Anytime,817257,Yes,Yes,3 - 4 hour,Good,Fabulous
Yes,Female,Information Technology,30,70,84.31216659005916,Video Games,3 - 4 hour,Morning,827871,Yes,Yes,3 - 4 hour,Awful,good
No,Female,Biotechnology,93,45,69.21076039206353,Video Games,2 - 3 hour,Anytime,581479,No,Yes,More Than 4 hour,Bad,good
Yes,Female,Information Technology,50,46,93.14588644432985,Sports,1 - 2 Hour,Anytime,886571,Yes,Yes,1 - 2 Hour,fabulous,Fabulous
No,Male,English Literature,32,50,66.56355325221374,Sports,1 - 2 Hour,Anytime,478430,No,No,1 - 2 Hour,fabulous,Fabulous
No,Female,Business Administration,46,54,40.787122408603075,Video Games,1 - 2 Hour,Night,603798,Yes,Yes,2 - 3 hour,Good,Awful
No,Female,Sociology,27,60,17.960836582726216,Video Games,2 - 3 hour,Anytime,402526,Yes,Yes,0 - 30 minute,Bad,good
No,Male,Physical Education,78,86,35.953314153457015,Cinema,2 - 3 hour,Anytime,386726,No,No,0 - 30 minute,Bad,Bad
Yes,Female,Civil Engineering,40,61,50.204121230466974,Sports,3 - 4 hour,Anytime,693527,No,Yes,1 - 2 Hour,Good,good
No,Male,Mathematics,45,51,15.423905867187026,Video Games,1 - 2 Hour,Morning,432321,Yes,No,0 - 30 minute,Good,good
No,Female,Law,57,49,6.690189915384917,Video Games,More Than 4 hour,Night,511183,Yes,No,0 - 30 minute,Good,Fabulous
Yes,Female,Pharmacy,94,48,88.08923133805243,Reading books,30 - 60 minute,Anytime,799578,Yes,No,2 - 3 hour,Good,Awful
Yes,Male,Mathematics,94,89,3.4994220900948485,Video Games,More Than 4 hour,Night,526505,No,Yes,More Than 4 hour,fabulous,Bad
Yes,Male,Fine Arts,78,80,81.40260938252943,Video Games,More Than 4 hour,Night,557545,No,Yes,30 - 60 minute,Good,Fabulous
No,Female,Fine Arts,38,82,88.1559019411151,Sports,3 - 4 hour,Night,530251,No,Yes,More Than 4 hour,Awful,good
Yes,Male,History,42,67,92.15975578527112,Video Games,2 - 3 hour,Night,667537,Yes,No,0 - 30 minute,Awful,Fabulous
No,Female,English Literature,11,71,14.111314599604246,Reading books,30 - 60 minute,Anytime,368329,Yes,Yes,2 - 3 hour,Good,Fabulous
No,Male,Pharmacy,91,68,35.390520604674066,Video Games,1 - 2 Hour,Anytime,530112,No,Yes,More Than 4 hour,Bad,Bad
No,Female,Psychology,50,47,73.27610695434997,Reading books,2 - 3 hour,Morning,529008,Yes,No,More Than 4 hour,Awful,Fabulous
No,Male,Political Science,68,74,53.04205637916251,Video Games,3 - 4 hour,Morning,441328,No,Yes,3 - 4 hour,Awful,good
No,Female,History,37,56,68.07710345873207,Cinema,More Than 4 hour,Night,514039,Yes,Yes,30 - 60 minute,Bad,Awful
No,Female,Mechanical Engineering,62,81,27.18610484321851,Reading books,30 - 60 minute,Night,590823,Yes,No,30 - 60 minute,Awful,Bad
No,Male,Information Technology,84,83,32.178664211210645,Sports,3 - 4 hour,Night,640560,No,Yes,3 - 4 hour,fabulous,Bad
Yes,Female,Music,39,71,54.98092741072488,Sports,0 - 30 minute,Night,533731,Yes,Yes,30 - 60 minute,fabulous,good
No,Female,Biology,66,60,49.82490853170334,Video Games,30 - 60 minute,Anytime,478972,No,Yes,3 - 4 hour,Good,Fabulous
No,Female,History,43,47,15.629629084065327,Video Games,3 - 4 hour,Anytime,416059,Yes,Yes,1 - 2 Hour,fabulous,Awful
No,Female,Accounting,20,45,60.298548406345475,Sports,0 - 30 minute,Morning,649660,Yes,Yes,3 - 4 hour,Bad,Bad
No,Male,History,97,77,4.639117229481744,Cinema,More Than 4 hour,Night,390618,No,Yes,More Than 4 hour,Bad,Awful
No,Male,Computer Science,85,67,83.23387670562293,Cinema,2 - 3 hour,Anytime,740355,No,Yes,30 - 60 minute,Awful,Awful
No,Male,Fine Arts,46,64,21.638774973393552,Reading books,More Than 4 hour,Night,330580,Yes,Yes,3 - 4 hour,Bad,Fabulous
Yes,Female,Political Science,22,61,25.553046748967553,Sports,3 - 4 hour,Morning,565069,No,Yes,0 - 30 minute,Good,Fabulous
Yes,Male,Fine Arts,47,55,1.0323203429136454,Video Games,1 - 2 Hour,Morning,435231,No,Yes,2 - 3 hour,fabulous,Awful
No,Male,Agriculture,51,84,59.09670529313168,Cinema,More Than 4 hour,Anytime,550927,Yes,Yes,1 - 2 Hour,fabulous,Bad
No,Male,Psychology,8,77,47.02808415613122,Cinema,30 - 60 minute,Anytime,476505,No,Yes,2 - 3 hour,Bad,Fabulous
Yes,Male,Biology,48,83,59.21677479674809,Reading books,More Than 4 hour,Morning,638004,No,Yes,3 - 4 hour,fabulous,good
No,Female,Agriculture,63,78,29.921797813832185,Reading books,More Than 4 hour,Morning,450235,Yes,No,1 - 2 Hour,Bad,Fabulous
No,Male,Fine Arts,64,85,6.363484660133947,Cinema,2 - 3 hour,Anytime,332840,No,Yes,30 - 60 minute,Bad,Awful
Yes,Male,Physical Education,22,79,92.98828014603919,Cinema,3 - 4 hour,Night,655666,No,No,3 - 4 hour,Bad,Bad
Yes,Male,Law,85,89,32.09347197762749,Cinema,0 - 30 minute,Morning,742745,Yes,Yes,30 - 60 minute,Awful,Awful
No,Male,Civil Engineering,56,72,3.395442625656708,Reading books,0 - 30 minute,Anytime,502389,No,Yes,2 - 3 hour,Good,Awful
Yes,Male,Architecture,40,68,84.03108148805269,Reading books,3 - 4 hour,Night,758779,No,Yes,2 - 3 hour,Good,Awful
Yes,Female,Electrical Engineering,83,81,85.13011313769603,Sports,2 - 3 hour,Anytime,759821,No,Yes,1 - 2 Hour,Bad,good
No,Female,Dance,23,58,74.11596177723183,Sports,More Than 4 hour,Morning,429369,Yes,No,3 - 4 hour,fabulous,Bad
Yes,Male,Civil Engineering,44,81,35.15387505735121,Sports,30 - 60 minute,Night,627080,Yes,Yes,More Than 4 hour,Bad,good
No,Female,English Literature,57,56,63.972779048560916,Reading books,More Than 4 hour,Night,452477,Yes,Yes,More Than 4 hour,Awful,Fabulous
Yes,Male,Dance,68,51,31.378854713671718,Sports,3 - 4 hour,Morning,522047,No,No,30 - 60 minute,Awful,Awful
No,Female,Mathematics,40,69,77.17140191201499,Reading books,30 - 60 minute,Anytime,550389,Yes,No,3 - 4 hour,Bad,good
Yes,Male,Law,64,55,86.1550560195272,Reading books,More Than 4 hour,Night,762523,Yes,No,2 - 3 hour,Awful,Awful
Yes,Male,Physics,68,49,36.74222184011681,Reading books,More Than 4 hour,Night,546079,Yes,Yes,2 - 3 hour,fabulous,Awful
No,Male,Pharmacy,89,85,29.377537068800898,Video Games,30 - 60 minute,Anytime,581544,Yes,Yes,2 - 3 hour,Awful,Fabulous
No,Female,Electronics and Communication,12,73,35.24654359203178,Cinema,3 - 4 hour,Morning,665400,Yes,No,0 - 30 minute,fabulous,Bad
No,Male,Environmental Science,52,72,24.592063778921947,Cinema,30 - 60 minute,Morning,398731,No,Yes,1 - 2 Hour,Awful,Fabulous
Yes,Female,Fine Arts,35,46,71.22385954121827,Video Games,3 - 4 hour,Night,577489,Yes,Yes,30 - 60 minute,fabulous,Bad
Yes,Male,Fine Arts,64,59,76.86816051406147,Reading books,3 - 4 hour,Night,544753,Yes,Yes,3 - 4 hour,Awful,good
No,Female,Dance,69,77,85.46881439530651,Video Games,1 - 2 Hour,Night,449226,No,Yes,30 - 60 minute,fabulous,Bad
No,Male,Chemistry,82,50,75.24561260803074,Cinema,More Than 4 hour,Anytime,586727,Yes,Yes,3 - 4 hour,Bad,Fabulous
No,Male,Psychology,26,84,85.76642855659051,Video Games,2 - 3 hour,Night,503812,Yes,Yes,1 - 2 Hour,Awful,good
Yes,Male,Physical Education,45,91,18.084666062215575,Sports,30 - 60 minute,Morning,481395,Yes,Yes,0 - 30 minute,fabulous,Fabulous
Yes,Female,Electronics and Communication,36,64,81.35050913883558,Sports,30 - 60 minute,Night,798842,Yes,No,0 - 30 minute,Awful,Bad
Yes,Male,Music,49,72,57.62239429584734,Cinema,More Than 4 hour,Morning,488828,Yes,Yes,2 - 3 hour,Awful,Fabulous
Yes,Female,Law,55,57,26.79057782502722,Video Games,1 - 2 Hour,Anytime,710284,No,Yes,1 - 2 Hour,Awful,Awful
No,Male,Library Science,13,74,51.795509738798195,Video Games,3 - 4 hour,Night,412430,No,No,2 - 3 hour,Awful,Fabulous
Yes,Male,Biotechnology,38,49,98.58954952978522,Reading books,30 - 60 minute,Anytime,814963,No,Yes,3 - 4 hour,Awful,Awful
No,Female,Business Administration,55,73,98.9911112108351,Video Games,0 - 30 minute,Anytime,685354,Yes,Yes,0 - 30 minute,Bad,Fabulous
No,Female,Civil Engineering,53,45,75.85620645953736,Cinema,0 - 30 minute,Anytime,620712,Yes,No,0 - 30 minute,fabulous,Bad
Yes,Male,Information Technology,16,93,53.48218330267583,Reading books,3 - 4 hour,Night,835464,No,Yes,1 - 2 Hour,Awful,Awful
No,Female,Business Administration,24,60,24.317595643198295,Video Games,30 - 60 minute,Night,544534,No,No,2 - 3 hour,fabulous,Awful
No,Female,Mechanical Engineering,63,68,69.73521644969502,Cinema,30 - 60 minute,Anytime,591546,No,Yes,3 - 4 hour,fabulous,good
No,Male,Political Science,53,64,91.44541440732125,Video Games,0 - 30 minute,Anytime,582447,No,Yes,0 - 30 minute,Awful,good
Yes,Male,Computer Science,39,51,33.03004378578774,Cinema,0 - 30 minute,Night,763902,Yes,Yes,3 - 4 hour,Bad,good
No,Female,Political Science,91,81,22.60367432799855,Video Games,2 - 3 hour,Night,383423,No,Yes,0 - 30 minute,fabulous,Bad
No,Female,Computer Science,56,67,18.878205940557258,Sports,2 - 3 hour,Anytime,627687,Yes,No,3 - 4 hour,Awful,Awful
No,Male,Pharmacy,23,52,53.79282105495807,Reading books,30 - 60 minute,Morning,558688,No,Yes,More Than 4 hour,Bad,good
No,Male,Biology,51,85,58.67918891645587,Cinema,More Than 4 hour,Night,566611,No,Yes,2 - 3 hour,fabulous,Fabulous
Yes,Female,Music,76,76,90.52594630325807,Video Games,2 - 3 hour,Night,594132,Yes,Yes,3 - 4 hour,Awful,good
Yes,Female,Civil Engineering,90,72,57.61876744099076,Video Games,3 - 4 hour,Morning,735937,No,Yes,1 - 2 Hour,fabulous,Awful
Yes,Male,Music,12,88,72.4456274971597,Video Games,2 - 3 hour,Night,576073,Yes,Yes,More Than 4 hour,Good,Awful
No,Male,Law,58,66,24.706864968249583,Video Games,More Than 4 hour,Morning,575839,No,No,More Than 4 hour,Bad,Awful
No,Male,English Literature,77,48,73.84923056306307,Sports,1 - 2 Hour,Morning,505938,Yes,Yes,0 - 30 minute,fabulous,Fabulous
Yes,Male,Architecture,75,66,55.784606199720955,Cinema,2 - 3 hour,Morning,686798,Yes,Yes,More Than 4 hour,fabulous,Fabulous
Yes,Female,Psychology,90,86,64.07974718086464,Cinema,More Than 4 hour,Night,588292,Yes,Yes,30 - 60 minute,fabulous,Fabulous
Yes,Female,Electrical Engineering,85,72,47.457751729754406,Cinema,2 - 3 hour,Night,673080,Yes,No,3 - 4 hour,Bad,Fabulous
Yes,Male,Architecture,44,59,43.73929790698986,Video Games,1 - 2 Hour,Anytime,729079,Yes,Yes,0 - 30 minute,Bad,Awful
Yes,Male,Commerce,77,57,67.67102545518064,Video Games,1 - 2 Hour,Morning,600955,No,No,More Than 4 hour,Bad,Bad
Yes,Female,Physical Education,78,73,40.85608061140934,Sports,2 - 3 hour,Morning,487724,No,Yes,0 - 30 minute,Good,good
No,Female,Economics,77,89,87.45601853726016,Reading books,3 - 4 hour,Night,603937,Yes,Yes,30 - 60 minute,Awful,good
Yes,Female,Architecture,25,62,28.049169156187084,Reading books,More Than 4 hour,Anytime,639484,No,Yes,1 - 2 Hour,Awful,good
No,Female,Dance,30,61,47.66448672396712,Sports,More Than 4 hour,Morning,406039,No,Yes,More Than 4 hour,Bad,Fabulous
Yes,Female,Business Administration,44,87,71.2366794139948,Cinema,30 - 60 minute,Morning,704385,No,No,30 - 60 minute,Good,Awful
No,Male,Civil Engineering,8,78,49.1017192034227,Video Games,More Than 4 hour,Night,536395,No,Yes,More Than 4 hour,Bad,Fabulous
Yes,Male,Commerce,50,62,79.36466746649847,Reading books,0 - 30 minute,Anytime,649792,Yes,Yes,1 - 2 Hour,Awful,Awful
No,Male,Business Administration,56,57,45.675624560742584,Video Games,2 - 3 hour,Morning,601728,No,No,30 - 60 minute,Awful,Awful
No,Female,Chemistry,95,55,37.42766976382481,Reading books,1 - 2 Hour,Night,503712,Yes,No,0 - 30 minute,Bad,Bad
Yes,Female,Fine Arts,44,89,67.00481154195188,Sports,3 - 4 hour,Night,526406,Yes,Yes,0 - 30 minute,Good,Bad
No,Male,Dance,53,89,91.70893182842558,Reading books,2 - 3 hour,Anytime,517246,Yes,Yes,More Than 4 hour,Bad,Fabulous
No,Female,Accounting,20,67,51.37769742095114,Video Games,0 - 30 minute,Morning,533855,No,No,30 - 60 minute,Bad,good
No,Male,Physics,51,90,68.53013160102756,Reading books,3 - 4 hour,Night,527242,Yes,Yes,0 - 30 minute,Good,Bad
No,Male,Electrical Engineering,66,76,47.609233574221136,Video Games,2 - 3 hour,Night,608586,No,No,2 - 3 hour,fabulous,good
No,Male,Pharmacy,51,67,3.0143145099769195,Reading books,1 - 2 Hour,Morning,537490,Yes,No,2 - 3 hour,Awful,good
No,Female,Architecture,86,81,13.248067204369441,Sports,1 - 2 Hour,Morning,583292,Yes,Yes,0 - 30 minute,fabulous,Awful
No,Male,English Literature,12,46,46.19946758917827,Cinema,More Than 4 hour,Anytime,477834,Yes,Yes,1 - 2 Hour,fabulous,Bad
Yes,Male,Electronics and Communication,17,74,66.9362485871783,Cinema,0 - 30 minute,Morning,788552,Yes,Yes,More Than 4 hour,Awful,Bad
No,Male,Accounting,55,49,52.8677032139971,Sports,30 - 60 minute,Morning,601669,Yes,No,30 - 60 minute,Good,Bad
Yes,Female,Biotechnology,68,89,31.297846270806694,Video Games,30 - 60 minute,Morning,609902,No,Yes,More Than 4 hour,Good,good
No,Male,English Literature,23,87,36.1150542126411,Sports,3 - 4 hour,Morning,379677,Yes,No,More Than 4 hour,Awful,Awful
No,Female,Political Science,84,74,74.56561513079876,Reading books,0 - 30 minute,Night,551429,No,No,3 - 4 hour,Awful,Fabulous
No,Male,Law,94,50,39.461488279867375,Video Games,3 - 4 hour,Night,561208,Yes,No,2 - 3 hour,Awful,Bad
Yes,Male,Music,29,65,10.737739631574508,Cinema,More Than 4 hour,Morning,443792,No,Yes,0 - 30 minute,fabulous,good
No,Male,Dance,13,45,11.8353793222438,Sports,More Than 4 hour,Morning,288921,Yes,No,0 - 30 minute,Bad,Fabulous
No,Female,Physics,60,82,55.458768598296324,Video Games,3 - 4 hour,Night,578823,Yes,Yes,0 - 30 minute,Bad,Awful
No,Female,Computer Science,97,73,37.53172572771,Cinema,1 - 2 Hour,Morning,688201,Yes,Yes,More Than 4 hour,fabulous,Fabulous
No,Male,Physical Education,70,45,30.226806792532802,Reading books,More Than 4 hour,Night,388837,Yes,Yes,More Than 4 hour,Bad,good
Yes,Female,Fine Arts,75,71,3.287082324622085,Sports,2 - 3 hour,Morning,469256,No,Yes,More Than 4 hour,Bad,Awful
Yes,Female,History,38,91,38.58625766667709,Video Games,0 - 30 minute,Anytime,485774,Yes,Yes,2 - 3 hour,fabulous,Fabulous
No,Female,Chemistry,20,83,91.1333718659756,Cinema,More Than 4 hour,Anytime,565982,No,Yes,More Than 4 hour,Awful,Bad
Yes,Male,Psychology,19,83,35.92316328489931,Reading books,More Than 4 hour,Morning,600394,Yes,Yes,2 - 3 hour,Good,Bad
No,Female,Agriculture,13,52,18.994869441501468,Video Games,30 - 60 minute,Morning,478198,Yes,Yes,0 - 30 minute,Awful,Fabulous
No,Female,Chemistry,64,90,65.84719960838363,Cinema,2 - 3 hour,Night,597538,Yes,Yes,30 - 60 minute,Good,good
Yes,Male,Pharmacy,20,92,34.76386242274346,Reading books,1 - 2 Hour,Night,691716,Yes,Yes,30 - 60 minute,fabulous,good
No,Female,Commerce,86,67,69.4096022134114,Sports,2 - 3 hour,Night,533772,No,Yes,More Than 4 hour,Bad,Awful
Yes,Male,History,74,83,70.0692871220332,Reading books,1 - 2 Hour,Anytime,603417,No,Yes,More Than 4 hour,fabulous,Awful
Yes,Male,Computer Science,29,83,52.07916954026368,Reading books,1 - 2 Hour,Night,823907,No,Yes,3 - 4 hour,Good,Fabulous
Yes,Female,Environmental Science,62,66,86.03758389321263,Reading books,More Than 4 hour,Morning,652654,Yes,No,30 - 60 minute,fabulous,Awful
No,Male,Electrical Engineering,85,60,21.128158066372244,Cinema,3 - 4 hour,Anytime,533399,Yes,Yes,1 - 2 Hour,Awful,Fabulous
Yes,Female,Chemistry,97,61,4.646183820605682,Sports,3 - 4 hour,Anytime,541551,Yes,Yes,3 - 4 hour,fabulous,Awful
No,Male,Pharmacy,39,78,12.057991708879058,Video Games,1 - 2 Hour,Night,551667,No,Yes,30 - 60 minute,Good,Fabulous
No,Female,Chemistry,43,81,52.575916488688975,Video Games,3 - 4 hour,Anytime,558239,No,No,3 - 4 hour,Good,Bad
Yes,Male,Architecture,34,72,88.9913143252664,Video Games,30 - 60 minute,Night,777791,No,Yes,0 - 30 minute,Bad,good
No,Female,Environmental Science,49,69,15.203893199254063,Cinema,0 - 30 minute,Night,464983,No,Yes,30 - 60 minute,Awful,Awful
No,Male,Economics,59,78,4.338046186622652,Video Games,0 - 30 minute,Night,429786,Yes,Yes,More Than 4 hour,Awful,Fabulous
No,Female,Physical Education,17,50,56.58541388976979,Sports,1 - 2 Hour,Night,465456,Yes,Yes,3 - 4 hour,Bad,Bad
No,Female,Biotechnology,43,77,91.16935857744002,Sports,More Than 4 hour,Night,678928,Yes,Yes,30 - 60 minute,Bad,Fabulous
No,Male,Psychology,63,65,20.337748784590474,Reading books,3 - 4 hour,Night,438261,No,No,1 - 2 Hour,Good,Fabulous
No,Male,Environmental Science,72,73,61.183658028961545,Video Games,More Than 4 hour,Night,478366,No,Yes,3 - 4 hour,Bad,Awful
No,Female,Mechanical Engineering,65,72,56.163815328091204,Video Games,1 - 2 Hour,Night,633032,No,Yes,3 - 4 hour,Bad,Fabulous
No,Female,Information Technology,13,80,11.464953684684012,Video Games,30 - 60 minute,Anytime,649297,No,Yes,3 - 4 hour,Bad,Bad
No,Female,Chemistry,43,45,9.533545962646178,Cinema,2 - 3 hour,Night,407254,No,No,30 - 60 minute,Good,good
No,Male,Computer Science,17,48,30.158303364827436,Cinema,30 - 60 minute,Night,664050,No,Yes,More Than 4 hour,Awful,Bad
Yes,Male,Commerce,60,70,93.96262384783032,Sports,30 - 60 minute,Anytime,724294,Yes,Yes,More Than 4 hour,fabulous,Fabulous
No,Male,History,9,53,7.259758406353123,Video Games,2 - 3 hour,Morning,352805,Yes,No,More Than 4 hour,fabulous,Fabulous
Yes,Male,Architecture,19,67,41.62370153220781,Sports,0 - 30 minute,Anytime,678918,Yes,Yes,30 - 60 minute,Bad,good
No,Female,Dance,48,46,21.36062050079906,Video Games,1 - 2 Hour,Morning,373553,Yes,No,0 - 30 minute,Awful,Bad
No,Male,Mechanical Engineering,41,63,66.89645655650224,Sports,More Than 4 hour,Night,628277,No,No,0 - 30 minute,Good,good
No,Female,Physical Education,40,63,73.19646054586151,Video Games,0 - 30 minute,Night,456537,Yes,No,More Than 4 hour,Awful,good
No,Male,Pharmacy,97,83,92.79296883792841,Cinema,1 - 2 Hour,Night,704098,No,Yes,3 - 4 hour,Awful,Awful
No,Male,Physical Education,64,45,10.401201049558324,Sports,More Than 4 hour,Morning,368001,Yes,No,2 - 3 hour,Bad,Fabulous
No,Male,Mechanical Engineering,21,76,68.3483245272486,Cinema,2 - 3 hour,Anytime,649853,Yes,No,2 - 3 hour,Awful,Bad
Yes,Female,Mechanical Engineering,12,55,97.55341713299639,Video Games,1 - 2 Hour,Anytime,750840,No,No,More Than 4 hour,Awful,Awful
No,Female,History,69,68,43.76830485252279,Sports,30 - 60 minute,Morning,472551,No,Yes,More Than 4 hour,Awful,good
Yes,Female,Environmental Science,25,83,53.61292718638749,Cinema,2 - 3 hour,Anytime,646745,Yes,Yes,30 - 60 minute,Awful,good
No,Female,Dance,70,81,26.414542057476414,Sports,3 - 4 hour,Night,409979,Yes,No,0 - 30 minute,Awful,good
No,Male,English Literature,86,72,5.935987808725565,Reading books,1 - 2 Hour,Morning,396730,Yes,No,More Than 4 hour,Awful,Fabulous
Yes,Female,Biotechnology,82,49,94.69713126102846,Sports,More Than 4 hour,Morning,723316,No,No,2 - 3 hour,Awful,Bad
Yes,Male,Architecture,66,52,84.19539537023984,Cinema,1 - 2 Hour,Night,826863,No,Yes,30 - 60 minute,Good,Fabulous
No,Male,Agriculture,33,50,72.94763996960928,Reading books,2 - 3 hour,Night,556823,No,Yes,0 - 30 minute,Good,Awful
Yes,Female,Psychology,19,66,49.875950350206914,Cinema,1 - 2 Hour,Anytime,545620,Yes,Yes,3 - 4 hour,Awful,Awful
No,Male,Architecture,38,86,37.85682308866437,Reading books,More Than 4 hour,Night,604956,Yes,Yes,0 - 30 minute,fabulous,Bad
Yes,Female,Mechanical Engineering,45,72,43.21643857438424,Sports,3 - 4 hour,Night,695191,Yes,No,2 - 3 hour,fabulous,good
No,Female,English Literature,11,64,39.06736207749063,Sports,30 - 60 minute,Night,436997,Yes,No,0 - 30 minute,Good,good
No,Male,Economics,9,53,35.77736545869676,Cinema,3 - 4 hour,Night,568514,No,Yes,1 - 2 Hour,Good,Awful
Yes,Male,Civil Engineering,28,82,77.16543462308469,Cinema,3 - 4 hour,Anytime,713107,Yes,Yes,1 - 2 Hour,Awful,Fabulous
No,Female,Electrical Engineering,71,68,29.695544766038445,Reading books,1 - 2 Hour,Anytime,534891,Yes,Yes,30 - 60 minute,Bad,Fabulous
No,Male,Music,10,83,73.95991084329586,Video Games,1 - 2 Hour,Morning,478934,No,Yes,30 - 60 minute,Good,Bad
No,Female,Physical Education,45,85,8.634818695098238,Reading books,More Than 4 hour,Night,355036,No,Yes,30 - 60 minute,Awful,good
No,Female,Psychology,86,68,79.9374992707863,Cinema,2 - 3 hour,Night,521552,No,No,1 - 2 Hour,Good,good
Yes,Male,Pharmacy,95,64,71.99994570814559,Video Games,2 - 3 hour,Anytime,764531,Yes,No,More Than 4 hour,Awful,Fabulous
Yes,Male,Commerce,32,74,23.404483061469104,Cinema,30 - 60 minute,Morning,580620,No,No,0 - 30 minute,Awful,Awful
No,Male,Architecture,83,91,91.57075504924275,Cinema,3 - 4 hour,Morning,710330,No,Yes,30 - 60 minute,Awful,Bad
No,Male,Biotechnology,72,74,17.946009527756154,Video Games,3 - 4 hour,Morning,487585,Yes,Yes,2 - 3 hour,Awful,Fabulous
No,Female,Fine Arts,71,83,20.77319800169982,Cinema,More Than 4 hour,Night,381341,Yes,Yes,30 - 60 minute,Good,Fabulous
Yes,Male,Library Science,15,85,17.78673688321271,Video Games,0 - 30 minute,Morning,421468,No,Yes,2 - 3 hour,Bad,Awful
No,Male,Music,63,78,76.97061375602038,Sports,2 - 3 hour,Anytime,481236,Yes,No,2 - 3 hour,Awful,good
No,Male,Political Science,83,55,77.68498653327975,Video Games,0 - 30 minute,Night,557331,No,Yes,0 - 30 minute,Bad,good
Yes,Female,English Literature,50,92,59.44908584801256,Reading books,0 - 30 minute,Morning,537232,Yes,No,30 - 60 minute,Bad,Awful
No,Male,Electronics and Communication,52,91,94.29131322131099,Sports,1 - 2 Hour,Night,705979,No,Yes,3 - 4 hour,Good,Bad
No,Female,Accounting,83,51,12.34529834256244,Sports,1 - 2 Hour,Night,509720,No,No,2 - 3 hour,Good,Awful
No,Male,Law,14,69,67.03150246293211,Cinema,2 - 3 hour,Night,671793,No,Yes,0 - 30 minute,fabulous,good
No,Female,Biology,28,51,94.3720345495393,Sports,30 - 60 minute,Morning,634505,No,Yes,1 - 2 Hour,Bad,Awful
No,Female,Psychology,9,70,49.286124407225394,Cinema,2 - 3 hour,Morning,490632,Yes,Yes,3 - 4 hour,Bad,Bad
Yes,Male,Biotechnology,80,93,73.65771651045999,Video Games,1 - 2 Hour,Morning,762768,Yes,No,3 - 4 hour,Awful,Bad
Yes,Female,Computer Science,8,88,35.27657200226922,Cinema,30 - 60 minute,Night,752031,Yes,Yes,2 - 3 hour,Bad,good
No,Male,Pharmacy,23,91,31.604613306264287,Cinema,1 - 2 Hour,Anytime,586797,No,Yes,More Than 4 hour,Bad,Fabulous
No,Male,Information Technology,58,75,47.2885230976479,Cinema,2 - 3 hour,Morning,693819,No,Yes,More Than 4 hour,fabulous,Bad
No,Male,History,80,74,85.20989250939277,Cinema,30 - 60 minute,Night,530588,Yes,No,30 - 60 minute,Awful,good
Yes,Male,Business Administration,93,64,64.04738050682758,Video Games,1 - 2 Hour,Night,684816,Yes,Yes,More Than 4 hour,Bad,Bad
Yes,Male,Pharmacy,90,50,72.30308418280653,Reading books,1 - 2 Hour,Night,760186,Yes,Yes,2 - 3 hour,Bad,Fabulous
Yes,Male,Computer Science,27,66,47.472683774754316,Sports,1 - 2 Hour,Night,772758,Yes,No,0 - 30 minute,Bad,Awful
No,Male,English Literature,94,63,61.03274680090573,Reading books,1 - 2 Hour,Morning,454607,Yes,No,2 - 3 hour,fabulous,Awful
Yes,Female,Chemistry,83,47,9.113158973539122,Sports,30 - 60 minute,Night,555769,No,Yes,1 - 2 Hour,Good,Bad
No,Male,Law,92,63,70.03367558347263,Sports,2 - 3 hour,Night,659346,Yes,Yes,1 - 2 Hour,fabulous,good
Yes,Male,Sociology,69,55,35.39924179588435,Video Games,2 - 3 hour,Morning,489414,No,Yes,More Than 4 hour,fabulous,Bad
No,Female,Computer Science,23,93,10.433688056663394,Video Games,0 - 30 minute,Morning,610896,Yes,Yes,3 - 4 hour,Bad,Bad
Yes,Female,Fine Arts,70,78,78.47362167864293,Reading books,3 - 4 hour,Anytime,584110,Yes,Yes,More Than 4 hour,Awful,Fabulous
No,Female,Civil Engineering,62,81,88.52926820090424,Reading books,30 - 60 minute,Night,653961,Yes,Yes,0 - 30 minute,Good,Fabulous
Yes,Female,Computer Science,67,86,38.065182607698006,Sports,2 - 3 hour,Night,823683,Yes,Yes,0 - 30 minute,fabulous,Awful
No,Male,Civil Engineering,63,55,48.070091690431894,Video Games,30 - 60 minute,Morning,595896,Yes,Yes,2 - 3 hour,fabulous,good
No,Female,Architecture,23,51,95.06659299777992,Video Games,2 - 3 hour,Anytime,716330,Yes,No,1 - 2 Hour,Awful,Bad
No,Female,English Literature,36,78,69.35433578193512,Reading books,0 - 30 minute,Anytime,523603,Yes,Yes,2 - 3 hour,Awful,Awful
Yes,Female,Political Science,60,72,73.47051614588979,Cinema,More Than 4 hour,Anytime,568029,Yes,No,1 - 2 Hour,Awful,good
Yes,Male,Commerce,86,85,49.81220073490103,Sports,3 - 4 hour,Anytime,633633,Yes,Yes,2 - 3 hour,Awful,Awful
No,Female,Physics,83,91,82.35984723111193,Cinema,0 - 30 minute,Night,602376,Yes,Yes,3 - 4 hour,Good,Awful
No,Male,Library Science,75,52,18.16681781984659,Sports,3 - 4 hour,Night,351993,Yes,No,1 - 2 Hour,Awful,good
Yes,Female,Library Science,38,88,52.02270578690656,Sports,3 - 4 hour,Anytime,555292,Yes,No,2 - 3 hour,Good,Awful
No,Female,Commerce,65,62,55.57619430820742,Sports,More Than 4 hour,Night,474014,Yes,Yes,0 - 30 minute,Bad,Fabulous
No,Male,Mechanical Engineering,9,89,79.3740259152196,Sports,More Than 4 hour,Night,689071,Yes,Yes,More Than 4 hour,Bad,Awful
No,Female,Mechanical Engineering,46,70,40.53096321097797,Cinema,2 - 3 hour,Morning,565227,Yes,Yes,30 - 60 minute,fabulous,Awful
Yes,Female,Architecture,73,75,32.255812181387995,Reading books,More Than 4 hour,Anytime,707168,No,No,3 - 4 hour,Good,good
Yes,Male,Economics,21,67,4.7927848885981446,Sports,0 - 30 minute,Morning,566459,No,Yes,3 - 4 hour,Good,good
No,Male,Accounting,13,82,88.52982083748716,Reading books,More Than 4 hour,Morning,659808,No,Yes,0 - 30 minute,Awful,good
Yes,Male,Political Science,93,92,8.324526766703972,Sports,3 - 4 hour,Morning,472954,Yes,Yes,2 - 3 hour,fabulous,Awful
No,Female,Computer Science,84,75,26.260122827276117,Video Games,30 - 60 minute,Morning,701753,No,Yes,1 - 2 Hour,Awful,Bad
Yes,Male,Physics,53,57,36.45532065047444,Sports,30 - 60 minute,Night,609079,Yes,No,More Than 4 hour,fabulous,good
No,Male,Library Science,52,54,17.319682249285734,Sports,More Than 4 hour,Anytime,382325,No,Yes,2 - 3 hour,fabulous,good
Yes,Male,Commerce,19,87,58.56103552187041,Video Games,2 - 3 hour,Anytime,612886,Yes,Yes,2 - 3 hour,Bad,Bad
No,Female,Sociology,38,72,12.723815302562906,Video Games,30 - 60 minute,Night,335681,Yes,No,1 - 2 Hour,fabulous,Fabulous
No,Male,Mechanical Engineering,64,69,95.13876447440035,Reading books,1 - 2 Hour,Anytime,650138,Yes,No,0 - 30 minute,Bad,Awful
No,Male,Computer Science,19,51,96.17265368291508,Sports,0 - 30 minute,Night,756103,Yes,No,0 - 30 minute,Bad,Bad
No,Female,Biology,47,75,14.705182548613827,Reading books,0 - 30 minute,Morning,392770,No,Yes,3 - 4 hour,Bad,Bad
Yes,Female,Physics,52,55,20.687356905775886,Reading books,2 - 3 hour,Night,552815,No,Yes,0 - 30 minute,fabulous,Awful
Yes,Male,Fine Arts,25,82,97.9725416623796,Cinema,30 - 60 minute,Anytime,594546,Yes,No,0 - 30 minute,Bad,Bad
Yes,Female,Architecture,56,86,80.87956315014392,Video Games,0 - 30 minute,Morning,803741,Yes,Yes,More Than 4 hour,fabulous,Bad
No,Female,Civil Engineering,44,57,47.44741106098381,Sports,3 - 4 hour,Anytime,579685,Yes,Yes,30 - 60 minute,fabulous,good
No,Female,Chemistry,94,88,30.033618664618004,Sports,3 - 4 hour,Anytime,459846,No,Yes,30 - 60 minute,fabulous,Awful
No,Male,Electronics and Communication,44,49,19.5194083716612,Video Games,1 - 2 Hour,Morning,545844,Yes,No,30 - 60 minute,fabulous,Bad
Yes,Female,Architecture,97,47,76.51115170338953,Reading books,30 - 60 minute,Night,731063,No,Yes,3 - 4 hour,fabulous,good
Yes,Female,Information Technology,83,53,3.8607735702884765,Sports,1 - 2 Hour,Night,716549,No,No,2 - 3 hour,Bad,Awful
Yes,Female,English Literature,28,90,87.1064626849084,Cinema,1 - 2 Hour,Morning,638027,No,Yes,2 - 3 hour,Bad,Fabulous
No,Male,Agriculture,31,75,81.45557769210087,Video Games,More Than 4 hour,Anytime,568066,Yes,Yes,3 - 4 hour,Bad,good
No,Female,Electronics and Communication,76,88,95.16385972189826,Video Games,0 - 30 minute,Anytime,786428,No,No,1 - 2 Hour,Bad,Bad
Yes,Male,Accounting,25,59,63.330207173720886,Reading books,2 - 3 hour,Anytime,699002,No,Yes,1 - 2 Hour,Bad,Awful
No,Male,Political Science,52,89,69.82362677009174,Video Games,30 - 60 minute,Morning,536446,No,Yes,More Than 4 hour,Bad,Awful
Yes,Female,Chemistry,92,57,66.2655946191349,Cinema,0 - 30 minute,Anytime,708222,No,Yes,0 - 30 minute,Good,Fabulous
No,Male,Civil Engineering,74,65,99.0761281217634,Reading books,2 - 3 hour,Night,678538,Yes,No,2 - 3 hour,Good,Bad
No,Male,Political Science,85,93,21.76643090366472,Video Games,2 - 3 hour,Anytime,462068,No,No,More Than 4 hour,Bad,Awful
No,Female,Pharmacy,49,77,89.24890146386561,Video Games,1 - 2 Hour,Night,645930,No,No,1 - 2 Hour,Good,good
Yes,Male,Political Science,23,80,93.81673443867327,Cinema,2 - 3 hour,Night,648495,Yes,Yes,3 - 4 hour,Good,Awful
Yes,Female,Architecture,15,76,55.38161936540087,Sports,More Than 4 hour,Anytime,716974,Yes,Yes,1 - 2 Hour,Awful,Bad
Yes,Male,Mathematics,11,53,6.2245431176091035,Cinema,More Than 4 hour,Anytime,494614,Yes,Yes,3 - 4 hour,Awful,Bad
Yes,Male,Mechanical Engineering,10,93,3.8538254951167326,Video Games,0 - 30 minute,Night,583952,No,Yes,3 - 4 hour,Awful,good
Yes,Male,Business Administration,15,56,61.71996739234834,Sports,30 - 60 minute,Anytime,681732,Yes,Yes,2 - 3 hour,fabulous,Bad
No,Male,Sociology,32,64,69.89628910585402,Video Games,0 - 30 minute,Night,549250,Yes,Yes,2 - 3 hour,fabulous,Bad
No,Male,Physical Education,13,66,57.1037824873814,Reading books,More Than 4 hour,Anytime,487507,No,No,0 - 30 minute,Bad,Bad
Yes,Female,Commerce,18,47,82.10410494765269,Video Games,30 - 60 minute,Anytime,697882,Yes,No,More Than 4 hour,Bad,Awful
No,Male,Pharmacy,58,66,76.08524276677794,Reading books,30 - 60 minute,Anytime,630266,No,Yes,1 - 2 Hour,Awful,Bad
No,Male,Commerce,11,69,17.816773110686093,Cinema,30 - 60 minute,Anytime,403412,No,Yes,2 - 3 hour,Bad,Bad
No,Female,Psychology,14,73,17.85906702561569,Sports,1 - 2 Hour,Night,439878,No,Yes,1 - 2 Hour,Bad,good
Yes,Male,Economics,83,89,11.971175063146946,Video Games,3 - 4 hour,Morning,614818,No,Yes,1 - 2 Hour,Awful,Awful
No,Male,Library Science,10,71,34.01304794386427,Video Games,2 - 3 hour,Morning,367761,Yes,No,30 - 60 minute,Bad,Awful
Yes,Male,Physics,82,69,39.975333444191364,Sports,0 - 30 minute,Anytime,645902,Yes,Yes,30 - 60 minute,Bad,Fabulous
No,Male,Chemistry,8,65,33.93537238879356,Video Games,0 - 30 minute,Night,518692,Yes,Yes,2 - 3 hour,Awful,Fabulous
Yes,Male,Electronics and Communication,21,78,50.16695467682126,Sports,2 - 3 hour,Night,789243,Yes,Yes,30 - 60 minute,Bad,Fabulous
No,Female,Dance,83,50,67.4775702038689,Cinema,More Than 4 hour,Night,406925,No,Yes,More Than 4 hour,Awful,Fabulous
No,Male,Chemistry,56,76,1.9478909470056407,Reading books,0 - 30 minute,Anytime,471340,No,No,2 - 3 hour,fabulous,Awful
Yes,Female,Pharmacy,22,92,5.14433739640294,Cinema,1 - 2 Hour,Night,589875,No,Yes,0 - 30 minute,Awful,Awful
Yes,Female,Music,35,69,21.656583276952748,Video Games,2 - 3 hour,Anytime,490657,Yes,No,2 - 3 hour,Good,Bad
Yes,Male,Psychology,31,90,72.38276612865394,Video Games,30 - 60 minute,Night,625749,No,No,30 - 60 minute,Awful,Awful
No,Male,Electrical Engineering,25,82,73.76510579164082,Sports,More Than 4 hour,Night,652419,No,Yes,3 - 4 hour,Good,Awful
Yes,Male,Architecture,44,83,53.8879441179841,Video Games,0 - 30 minute,Night,735180,No,Yes,30 - 60 minute,Awful,Bad
No,Male,Sociology,63,45,34.129866405240314,Cinema,0 - 30 minute,Morning,475038,No,Yes,2 - 3 hour,Good,good
Yes,Male,Mathematics,10,71,6.068651696426761,Sports,More Than 4 hour,Anytime,538670,No,Yes,More Than 4 hour,fabulous,Awful
No,Male,Music,75,51,24.898568086678374,Cinema,2 - 3 hour,Morning,330618,Yes,No,1 - 2 Hour,fabulous,Fabulous
Yes,Male,Electrical Engineering,70,90,53.40878569374085,Video Games,2 - 3 hour,Morning,719638,Yes,Yes,1 - 2 Hour,Good,Bad
No,Male,Agriculture,12,70,66.64215867649573,Video Games,0 - 30 minute,Night,564727,Yes,Yes,30 - 60 minute,Awful,good
No,Male,Mathematics,96,50,49.461646084135346,Video Games,30 - 60 minute,Anytime,533923,No,Yes,0 - 30 minute,Good,Fabulous
No,Male,Law,37,46,54.76397742894517,Video Games,1 - 2 Hour,Night,621708,Yes,Yes,0 - 30 minute,Bad,good
Yes,Female,Psychology,60,75,3.0097091530224325,Sports,More Than 4 hour,Night,445609,Yes,Yes,0 - 30 minute,Good,Fabulous
